Workbook
Name Slicer_Category: #N/A
Name Slicer_City: #N/A
Name Slicer_Segment: #N/A

Sheet Customers
A1: CustomerID | B1: CustomerName | C1: Segment | D1: City
A2: 101 | B2: Minh Anh Co | C2: SME | D2: Hanoi
A3: 101 | B3: Binh Trading | C3: Enterprise | D3: HCMC
A4: 102 | B4: Le Chi Store | C4: Retail | D4: Da Nang
A5: 103 | B5: Pham Group | C5: Enterprise | D5: Hanoi
A6: 104 | B6: Duy Retail | C6: Retail | D6: Can Tho
A7: 105 | B7: Lan Office | C7: SME | D7: HCMC
A8: 106 | B8: Hoang Tech | C8: SME | D8: Hai Phong
A9: 107 | B9: An Solutions | C9: SME | D9: Da Nang
A10: 108 | B10: Kien Mart | C10: Retail | D10: Hue
A11: 109 | B11: Tu Anh Logistics | C11: Enterprise | D11: Da Nang
A12: 110 | B12: Huy | C12: Retail | D12: Thanh Hoa
A13: 111 | B13: Nguyen | C13: Retail | D13: HCMC
... A16: 114 | B16: Vy | C16: Retail | D16: Hanoi

Sheet Products
A1: ProductID | B1: Product | C1: StandardPrice | D1: Cost | E1: Category
A2: 1 | B2: Laptop Pro 14 | C2: 32000 | D2: 25000 | E2: Laptop
A3: 2 | B3: Wireless Mouse | C3: 1500 | D3: 1000 | E3: Electronics
A4: 3 | B4: 27in Monitor | C4: 5800 | D4: 5000 | E4: Electronics
A5: 4 | B5: Chair Gaming | C5: 1455 | D5: 1200 | E5: Furniture
A6: 5 | B6: iPhone 13 | C6: 18000 | D6: 15000 | E6: Phone
A7: 6 | B7: iPhone 14 | C7: 22000 | D7: 18500 | E7: Phone
A8: 7 | B8: Samsung S22 | C8: 17000 | D8: 14000 | E8: Phone
A9: 8 | B9: Xiaomi 13 | C9: 12000 | D9: 9500 | E9: Phone
A10: 9 | B10: iPad Gen 9 | C10: 9000 | D10: 9000 | E10: Tablet
A11: 20 | B11: iPad Air | C11: 16000 | D11: 13000 | E11: Tablet
A12: 11 | B12: Galaxy Tab S8 | C12: 14000 | D12: 11000 | E12: Tablet
A13: 12 | B13: MacBook Air M1 | C13: 25000 | D13: 21000 | E13: Laptop
... A15: 14 | B15: Dell XPS 13 | C15: 28000 | D15: 24000 | E15: Laptop

Sheet Orders
A1: OrderID | B1: OrderDate | C1: CustomerID | D1: Product | E1: Category | F1: Quantity | G1: UnitPrice | H1: DiscountPct | I1: Salesperson | J1: OrderSize | K1: StandardPrice | L1: RevenueAfterDiscount | M1: Profit | N1: Cost
A2: 1 | B2: 45841 | C2: 101 | D2: Laptop Pro 14 | E2: Electronics | F2: 1 | G2: =K2*(1-H2) -> 32000 | H2: 0 | I2: An | J2: =IF(F2>=10,"Bulk","Normal") -> Normal | K2: =_xlfn.SINGLE(_xlfn.XLOOKUP(D2,Products!B:B,Products!C:C,"Not Found")) -> 32000 | L2: =F2*G2 -> 32000 | M2: =L2-(N2*F2) -> 7000 | N2: =_xlfn.XLOOKUP(D:D,Products!B:B,Products!D:D) -> 25000
A3: 2 | B3: 45846 | C3: 102 | D3: Samsung S22 | E3: Electronics | F3: 12 | G3: =K3*(1-H3) -> 15300 | H3: 0.1 | I3: Binh | J3: =IF(F3>=10,"Bulk","Normal") -> Bulk | K3: =_xlfn.SINGLE(_xlfn.XLOOKUP(D3,Products!B:B,Products!C:C,"Not Found")) -> 17000 | L3: =F3*G3 -> 183600 | M3: =L3-(N3*F3) -> 15600 | N3: =_xlfn.XLOOKUP(D:D,Products!B:B,Products!D:D) -> 14000
A4: 3 | B4: 45853 | C4: 111 | D4: iPad Gen 9 | E4: Furniture | F4: 5 | G4: =K4*(1-H4) -> 8550 | H4: 0.05 | I4: Chi | J4: =IF(F4>=10,"Bulk","Normal") -> Normal | K4: =_xlfn.SINGLE(_xlfn.XLOOKUP(D4,Products!B:B,Products!C:C,"Not Found")) -> 9000 | L4: =F4*G4 -> 42750 | M4: =L4-(N4*F4) -> -2250 | N4: =_xlfn.XLOOKUP(D:D,Products!B:B,Products!D:D) -> 9000
A5: 4 | B5: 45859 | C5: 106 | D5: 27in Monitor | E5: =_xlfn.XLOOKUP(D:D,Products!B:B,Products!E:E) -> Electronics | F5: 3 | G5: =K5*(1-H5) -> 5104 | H5: 0.12 | I5: Thinh | J5: =IF(F5>=10,"Bulk","Normal") -> Normal | K5: =_xlfn.SINGLE(_xlfn.XLOOKUP(D5,Products!B:B,Products!C:C,"Not Found")) -> 5800 | L5: =F5*G5 -> 15312 | M5: =L5-(N5*F5) -> 312 | N5: =_xlfn.XLOOKUP(D:D,Products!B:B,Products!D:D) -> 5000
A6: 5 | B6: 45866 | C6: 105 | D6: Wireless Mouse | E6: =_xlfn.XLOOKUP(D:D,Products!B:B,Products!E:E) -> Electronics | F6: 1 | G6: =K6*(1-H6) -> 1500 | H6: 0 | I6: Duy | J6: =IF(F6>=10,"Bulk","Normal") -> Normal | K6: =_xlfn.SINGLE(_xlfn.XLOOKUP(D6,Products!B:B,Products!C:C,"Not Found")) -> 1500 | L6: =F6*G6 -> 1500 | M6: =L6-(N6*F6) -> 500 | N6: =_xlfn.XLOOKUP(D:D,Products!B:B,Products!D:D) -> 1000
A7: 6 | B7: 45871 | C7: 111 | D7: iPhone 13 | E7: =_xlfn.XLOOKUP(D:D,Products!B:B,Products!E:E) -> Phone | F7: 2 | G7: =K7*(1-H7) -> 15300 | H7: 0.15 | I7: Thinh | J7: =IF(F7>=10,"Bulk","Normal") -> Normal | K7: =_xlfn.SINGLE(_xlfn.XLOOKUP(D7,Products!B:B,Products!C:C,"Not Found")) -> 18000 | L7: =F7*G7 -> 30600 | M7: =L7-(N7*F7) -> 600 | N7: =_xlfn.XLOOKUP(D:D,Products!B:B,Products!D:D) -> 15000
A8: 7 | B8: 45875 | C8: 107 | D8: MacBook Pro M2 | E8: =_xlfn.XLOOKUP(D:D,Products!B:B,Products!E:E) -> Laptop | F8: 9 | G8: =K8*(1-H8) -> 33950 | H8: 0.03 | I8: Lan | J8: =IF(F8>=10,"Bulk","Normal") -> Normal | K8: =_xlfn.SINGLE(_xlfn.XLOOKUP(D8,Products!B:B,Products!C:C,"Not Found")) -> 35000 | L8: =F8*G8 -> 305550 | M8: =L8-(N8*F8) -> 35550 | N8: =_xlfn.XLOOKUP(D:D,Products!B:B,Products!D:D) -> 30000
A9: 8 | B9: 45882 | C9: 113 | D9: Chair Gaming | E9: =_xlfn.XLOOKUP(D:D,Products!B:B,Products!E:E) -> Furniture | F9: 10 | G9: =K9*(1-H9) -> 1455 | H9: 0 | I9: Nguyen | J9: =IF(F9>=10,"Bulk","Normal") -> Bulk | K9: =_xlfn.SINGLE(_xlfn.XLOOKUP(D9,Products!B:B,Products!C:C,"Not Found")) -> 1455 | L9: =F9*G9 -> 14550 | M9: =L9-(N9*F9) -> 2550 | N9: =_xlfn.XLOOKUP(D:D,Products!B:B,Products!D:D) -> 1200
A10: 9 | B10: 45888 | C10: 109 | D10: Galaxy Tab S8 | E10: =_xlfn.XLOOKUP(D:D,Products!B:B,Products!E:E) -> Tablet | F10: 1 | G10: =K10*(1-H10) -> 11200 | H10: 0.2 | I10: Ngoc | J10: =IF(F10>=10,"Bulk","Normal") -> Normal | K10: =_xlfn.SINGLE(_xlfn.XLOOKUP(D10,Products!B:B,Products!C:C,"Not Found")) -> 14000 | L10: =F10*G10 -> 11200 | M10: =L10-(N10*F10) -> 200 | N10: =_xlfn.XLOOKUP(D:D,Products!B:B,Products!D:D) -> 11000
A11: 10 | B11: 45895 | C11: 110 | D11: Laptop Pro 14 | E11: =_xlfn.XLOOKUP(D:D,Products!B:B,Products!E:E) -> Laptop | F11: 4 | G11: =K11*(1-H11) -> 29760 | H11: 0.07 | I11: Nguyen | J11: =IF(F11>=10,"Bulk","Normal") -> Normal | K11: =_xlfn.SINGLE(_xlfn.XLOOKUP(D11,Products!B:B,Products!C:C,"Not Found")) -> 32000 | L11: =F11*G11 -> 119040 | M11: =L11-(N11*F11) -> 19040 | N11: =_xlfn.XLOOKUP(D:D,Products!B:B,Products!D:D) -> 25000
A12: 11 | B12: 45901 | C12: 101 | D12: 27in Monitor | E12: =_xlfn.XLOOKUP(D:D,Products!B:B,Products!E:E) -> Electronics | F12: 11 | G12: =K12*(1-H12) -> 5220 | H12: 0.1 | I12: Tram | J12: =IF(F12>=10,"Bulk","Normal") -> Bulk | K12: =_xlfn.SINGLE(_xlfn.XLOOKUP(D12,Products!B:B,Products!C:C,"Not Found")) -> 5800 | L12: =F12*G12 -> 57420 | M12: =L12-(N12*F12) -> 2420 | N12: =_xlfn.XLOOKUP(D:D,Products!B:B,Products!D:D) -> 5000
A13: 12 | B13: 45907 | C13: 114 | D13: iPhone 13 | E13: =_xlfn.XLOOKUP(D:D,Products!B:B,Products!E:E) -> Phone | F13: 6 | G13: =K13*(1-H13) -> 17280 | H13: 0.04 | I13: Lan | J13: =IF(F13>=10,"Bulk","Normal") -> Normal | K13: =_xlfn.SINGLE(_xlfn.XLOOKUP(D13,Products!B:B,Products!C:C,"Not Found")) -> 18000 | L13: =F13*G13 -> 103680 | M13: =L13-(N13*F13) -> 13680 | N13: =_xlfn.XLOOKUP(D:D,Products!B:B,Products!D:D) -> 15000
A14: 13 | B14: 45914 | C14: 112 | D14: Dell XPS 13 | E14: =_xlfn.XLOOKUP(D:D,Products!B:B,Products!E:E) -> Laptop | F14: 20 | G14: =K14*(1-H14) -> 24640 | H14: 0.12 | I14: Binh | J14: =IF(F14>=10,"Bulk","Normal") -> Bulk | K14: =_xlfn.SINGLE(_xlfn.XLOOKUP(D14,Products!B:B,Products!C:C,"Not Found")) -> 28000 | L14: =F14*G14 -> 492800 | M14: =L14-(N14*F14) -> 12800 | N14: =_xlfn.XLOOKUP(D:D,Products!B:B,Products!D:D) -> 24000
A15: 14 | B15: 45920 | C15: 103 | D15: iPad Air | E15: =_xlfn.XLOOKUP(D:D,Products!B:B,Products!E:E) -> Tablet | F15: 7 | G15: =K15*(1-H15) -> 16000 | H15: 0 | I15: An | J15: =IF(F15>=10,"Bulk","Normal") -> Normal | K15: =_xlfn.SINGLE(_xlfn.XLOOKUP(D15,Products!B:B,Products!C:C,"Not Found")) -> 16000 | L15: =F15*G15 -> 112000 | M15: =L15-(N15*F15) -> 21000 | N15: =_xlfn.XLOOKUP(D:D,Products!B:B,Products!D:D) -> 13000
A16: 15 | B16: 45927 | C16: 109 | D16: Laptop Pro 14 | E16: =_xlfn.XLOOKUP(D:D,Products!B:B,Products!E:E) -> Laptop | F16: 1 | G16: =K16*(1-H16) -> 30400 | H16: 0.05 | I16: Duy | J16: =IF(F16>=10,"Bulk","Normal") -> Normal | K16: =_xlfn.SINGLE(_xlfn.XLOOKUP(D16,Products!B:B,Products!C:C,"Not Found")) -> 32000 | L16: =F16*G16 -> 30400 | M16: =L16-(N16*F16) -> 5400 | N16: =_xlfn.XLOOKUP(D:D,Products!B:B,Products!D:D) -> 25000
... A31: 30 | B31: 46020 | C31: 112 | D31: MacBook Air M1 | E31: =_xlfn.XLOOKUP(D:D,Products!B:B,Products!E:E) -> Laptop | F31: 6 | G31: =K31*(1-H31) -> 22500 | H31: 0.1 | I31: Ngoc | J31: =IF(F31>=10,"Bulk","Normal") -> Normal | K31: =_xlfn.SINGLE(_xlfn.XLOOKUP(D31,Products!B:B,Products!C:C,"Not Found")) -> 25000 | L31: =F31*G31 -> 135000 | M31: =L31-(N31*F31) -> 9000 | N31: =_xlfn.XLOOKUP(D:D,Products!B:B,Products!D:D) -> 21000

Sheet Analysis
A1: OrderID | B1: OrderDate | C1: Year | D1: Month | E1: CustomerID | F1: CustomerName | G1: Segment | H1: City | I1: Product | J1: Category | K1: Quantity | L1: UnitPrice | M1: DiscountPct | N1: Salesperson | O1: OrderSize | P1: StandardPrice | Q1: Cost | R1: RevenueAfterDiscount | S1: Profit | T1: ProfitMargin
A2: 1 | B2: 45358 | C2: =YEAR(B2) -> 2024 | D2: =MONTH(B2) -> 3 | E2: 101 | F2: =_xlfn.XLOOKUP(E:E,Customers!A:A,Customers!B:B) -> Minh Anh Co | G2: =_xlfn.XLOOKUP(E:E,Customers!A:A,Customers!C:C) -> SME | H2: =_xlfn.XLOOKUP(E:E,Customers!A:A,Customers!D:D) -> Hanoi | I2: Laptop Pro 14 | J2: Electronics | K2: 1 | L2: =P2*(1-M2) -> 32000 | M2: 0 | N2: An | O2: =IF(K2>=10,"Bulk","Normal") -> Normal | P2: =_xlfn.SINGLE(_xlfn.XLOOKUP(I2,Products!B:B,Products!C:C,"Not Found")) -> 32000 | Q2: =_xlfn.XLOOKUP(I:I,Products!B:B,Products!D:D) -> 25000 | R2: =K2*L2 -> 32000 | S2: =R2-(K2*Q2) -> 7000 | T2: =S2/R2 -> 0.21875
A3: 2 | B3: 45389 | C3: =YEAR(B3) -> 2024 | D3: =MONTH(B3) -> 4 | E3: 102 | F3: =_xlfn.XLOOKUP(E:E,Customers!A:A,Customers!B:B) -> Le Chi Store | G3: =_xlfn.XLOOKUP(E:E,Customers!A:A,Customers!C:C) -> Retail | H3: =_xlfn.XLOOKUP(E:E,Customers!A:A,Customers!D:D) -> Da Nang | I3: Samsung S22 | J3: Electronics | K3: 12 | L3: =P3*(1-M3) -> 15300 | M3: 0.1 | N3: Binh | O3: =IF(K3>=10,"Bulk","Normal") -> Bulk | P3: =_xlfn.SINGLE(_xlfn.XLOOKUP(I3,Products!B:B,Products!C:C,"Not Found")) -> 17000 | Q3: =_xlfn.XLOOKUP(I:I,Products!B:B,Products!D:D) -> 14000 | R3: =K3*L3 -> 183600 | S3: =R3-(K3*Q3) -> 15600 | T3: =S3/R3 -> 0.08496732
A4: 3 | B4: 45419 | C4: =YEAR(B4) -> 2024 | D4: =MONTH(B4) -> 5 | E4: 111 | F4: =_xlfn.XLOOKUP(E:E,Customers!A:A,Customers!B:B) -> Nguyen | G4: =_xlfn.XLOOKUP(E:E,Customers!A:A,Customers!C:C) -> Retail | H4: =_xlfn.XLOOKUP(E:E,Customers!A:A,Customers!D:D) -> HCMC | I4: iPad Gen 9 | J4: Furniture | K4: 5 | L4: =P4*(1-M4) -> 8550 | M4: 0.05 | N4: Chi | O4: =IF(K4>=10,"Bulk","Normal") -> Normal | P4: =_xlfn.SINGLE(_xlfn.XLOOKUP(I4,Products!B:B,Products!C:C,"Not Found")) -> 9000 | Q4: =_xlfn.XLOOKUP(I:I,Products!B:B,Products!D:D) -> 9000 | R4: =K4*L4 -> 42750 | S4: =R4-(K4*Q4) -> -2250 | T4: =S4/R4 -> -0.052631579
A5: 4 | B5: 45815 | C5: =YEAR(B5) -> 2025 | D5: =MONTH(B5) -> 6 | E5: 106 | F5: =_xlfn.XLOOKUP(E:E,Customers!A:A,Customers!B:B) -> Hoang Tech | G5: =_xlfn.XLOOKUP(E:E,Customers!A:A,Customers!C:C) -> SME | H5: =_xlfn.XLOOKUP(E:E,Customers!A:A,Customers!D:D) -> Hai Phong | I5: 27in Monitor | J5: =_xlfn.XLOOKUP(I:I,Products!B:B,Products!E:E) -> Electronics | K5: 3 | L5: =P5*(1-M5) -> 5104 | M5: 0.12 | N5: Thinh | O5: =IF(K5>=10,"Bulk","Normal") -> Normal | P5: =_xlfn.SINGLE(_xlfn.XLOOKUP(I5,Products!B:B,Products!C:C,"Not Found")) -> 5800 | Q5: =_xlfn.XLOOKUP(I:I,Products!B:B,Products!D:D) -> 5000 | R5: =K5*L5 -> 15312 | S5: =R5-(K5*Q5) -> 312 | T5: =S5/R5 -> 0.020376176
A6: 5 | B6: 45845 | C6: =YEAR(B6) -> 2025 | D6: =MONTH(B6) -> 7 | E6: 105 | F6: =_xlfn.XLOOKUP(E:E,Customers!A:A,Customers!B:B) -> Lan Office | G6: =_xlfn.XLOOKUP(E:E,Customers!A:A,Customers!C:C) -> SME | H6: =_xlfn.XLOOKUP(E:E,Customers!A:A,Customers!D:D) -> HCMC | I6: Wireless Mouse | J6: =_xlfn.XLOOKUP(I:I,Products!B:B,Products!E:E) -> Electronics | K6: 1 | L6: =P6*(1-M6) -> 1500 | M6: 0 | N6: Duy | O6: =IF(K6>=10,"Bulk","Normal") -> Normal | P6: =_xlfn.SINGLE(_xlfn.XLOOKUP(I6,Products!B:B,Products!C:C,"Not Found")) -> 1500 | Q6: =_xlfn.XLOOKUP(I:I,Products!B:B,Products!D:D) -> 1000 | R6: =K6*L6 -> 1500 | S6: =R6-(K6*Q6) -> 500 | T6: =S6/R6 -> 0.33333333
A7: 6 | B7: 45876 | C7: =YEAR(B7) -> 2025 | D7: =MONTH(B7) -> 8 | E7: 111 | F7: =_xlfn.XLOOKUP(E:E,Customers!A:A,Customers!B:B) -> Nguyen | G7: =_xlfn.XLOOKUP(E:E,Customers!A:A,Customers!C:C) -> Retail | H7: =_xlfn.XLOOKUP(E:E,Customers!A:A,Customers!D:D) -> HCMC | I7: iPhone 13 | J7: =_xlfn.XLOOKUP(I:I,Products!B:B,Products!E:E) -> Phone | K7: 2 | L7: =P7*(1-M7) -> 15300 | M7: 0.15 | N7: Thinh | O7: =IF(K7>=10,"Bulk","Normal") -> Normal | P7: =_xlfn.SINGLE(_xlfn.XLOOKUP(I7,Products!B:B,Products!C:C,"Not Found")) -> 18000 | Q7: =_xlfn.XLOOKUP(I:I,Products!B:B,Products!D:D) -> 15000 | R7: =K7*L7 -> 30600 | S7: =R7-(K7*Q7) -> 600 | T7: =S7/R7 -> 0.019607843
A8: 7 | B8: 45907 | C8: =YEAR(B8) -> 2025 | D8: =MONTH(B8) -> 9 | E8: 107 | F8: =_xlfn.XLOOKUP(E:E,Customers!A:A,Customers!B:B) -> An Solutions | G8: =_xlfn.XLOOKUP(E:E,Customers!A:A,Customers!C:C) -> SME | H8: =_xlfn.XLOOKUP(E:E,Customers!A:A,Customers!D:D) -> Da Nang | I8: MacBook Pro M2 | J8: =_xlfn.XLOOKUP(I:I,Products!B:B,Products!E:E) -> Laptop | K8: 9 | L8: =P8*(1-M8) -> 33950 | M8: 0.03 | N8: Lan | O8: =IF(K8>=10,"Bulk","Normal") -> Normal | P8: =_xlfn.SINGLE(_xlfn.XLOOKUP(I8,Products!B:B,Products!C:C,"Not Found")) -> 35000 | Q8: =_xlfn.XLOOKUP(I:I,Products!B:B,Products!D:D) -> 30000 | R8: =K8*L8 -> 305550 | S8: =R8-(K8*Q8) -> 35550 | T8: =S8/R8 -> 0.11634757
A9: 8 | B9: 45937 | C9: =YEAR(B9) -> 2025 | D9: =MONTH(B9) -> 10 | E9: 113 | F9: =_xlfn.XLOOKUP(E:E,Customers!A:A,Customers!B:B) -> Khoa Pham Co | G9: =_xlfn.XLOOKUP(E:E,Customers!A:A,Customers!C:C) -> Enterprise | H9: =_xlfn.XLOOKUP(E:E,Customers!A:A,Customers!D:D) -> Nghe An | I9: Chair Gaming | J9: =_xlfn.XLOOKUP(I:I,Products!B:B,Products!E:E) -> Furniture | K9: 10 | L9: =P9*(1-M9) -> 1455 | M9: 0 | N9: Nguyen | O9: =IF(K9>=10,"Bulk","Normal") -> Bulk | P9: =_xlfn.SINGLE(_xlfn.XLOOKUP(I9,Products!B:B,Products!C:C,"Not Found")) -> 1455 | Q9: =_xlfn.XLOOKUP(I:I,Products!B:B,Products!D:D) -> 1200 | R9: =K9*L9 -> 14550 | S9: =R9-(K9*Q9) -> 2550 | T9: =S9/R9 -> 0.17525773
A10: 9 | B10: 45968 | C10: =YEAR(B10) -> 2025 | D10: =MONTH(B10) -> 11 | E10: 109 | F10: =_xlfn.XLOOKUP(E:E,Customers!A:A,Customers!B:B) -> Tu Anh Logistics | G10: =_xlfn.XLOOKUP(E:E,Customers!A:A,Customers!C:C) -> Enterprise | H10: =_xlfn.XLOOKUP(E:E,Customers!A:A,Customers!D:D) -> Da Nang | I10: Galaxy Tab S8 | J10: =_xlfn.XLOOKUP(I:I,Products!B:B,Products!E:E) -> Tablet | K10: 1 | L10: =P10*(1-M10) -> 11200 | M10: 0.2 | N10: Ngoc | O10: =IF(K10>=10,"Bulk","Normal") -> Normal | P10: =_xlfn.SINGLE(_xlfn.XLOOKUP(I10,Products!B:B,Products!C:C,"Not Found")) -> 14000 | Q10: =_xlfn.XLOOKUP(I:I,Products!B:B,Products!D:D) -> 11000 | R10: =K10*L10 -> 11200 | S10: =R10-(K10*Q10) -> 200 | T10: =S10/R10 -> 0.017857143
A11: 10 | B11: 45998 | C11: =YEAR(B11) -> 2025 | D11: =MONTH(B11) -> 12 | E11: 110 | F11: =_xlfn.XLOOKUP(E:E,Customers!A:A,Customers!B:B) -> Huy | G11: =_xlfn.XLOOKUP(E:E,Customers!A:A,Customers!C:C) -> Retail | H11: =_xlfn.XLOOKUP(E:E,Customers!A:A,Customers!D:D) -> Thanh Hoa | I11: Laptop Pro 14 | J11: =_xlfn.XLOOKUP(I:I,Products!B:B,Products!E:E) -> Laptop | K11: 4 | L11: =P11*(1-M11) -> 29760 | M11: 0.07 | N11: Nguyen | O11: =IF(K11>=10,"Bulk","Normal") -> Normal | P11: =_xlfn.SINGLE(_xlfn.XLOOKUP(I11,Products!B:B,Products!C:C,"Not Found")) -> 32000 | Q11: =_xlfn.XLOOKUP(I:I,Products!B:B,Products!D:D) -> 25000 | R11: =K11*L11 -> 119040 | S11: =R11-(K11*Q11) -> 19040 | T11: =S11/R11 -> 0.15994624
A12: 11 | B12: 45851 | C12: =YEAR(B12) -> 2025 | D12: =MONTH(B12) -> 7 | E12: 101 | F12: =_xlfn.XLOOKUP(E:E,Customers!A:A,Customers!B:B) -> Minh Anh Co | G12: =_xlfn.XLOOKUP(E:E,Customers!A:A,Customers!C:C) -> SME | H12: =_xlfn.XLOOKUP(E:E,Customers!A:A,Customers!D:D) -> Hanoi | I12: 27in Monitor | J12: =_xlfn.XLOOKUP(I:I,Products!B:B,Products!E:E) -> Electronics | K12: 11 | L12: =P12*(1-M12) -> 5220 | M12: 0.1 | N12: Tram | O12: =IF(K12>=10,"Bulk","Normal") -> Bulk | P12: =_xlfn.SINGLE(_xlfn.XLOOKUP(I12,Products!B:B,Products!C:C,"Not Found")) -> 5800 | Q12: =_xlfn.XLOOKUP(I:I,Products!B:B,Products!D:D) -> 5000 | R12: =K12*L12 -> 57420 | S12: =R12-(K12*Q12) -> 2420 | T12: =S12/R12 -> 0.042145594
A13: 12 | B13: 45852 | C13: =YEAR(B13) -> 2025 | D13: =MONTH(B13) -> 7 | E13: 114 | F13: =_xlfn.XLOOKUP(E:E,Customers!A:A,Customers!B:B) -> Vy | G13: =_xlfn.XLOOKUP(E:E,Customers!A:A,Customers!C:C) -> Retail | H13: =_xlfn.XLOOKUP(E:E,Customers!A:A,Customers!D:D) -> Hanoi | I13: iPhone 13 | J13: =_xlfn.XLOOKUP(I:I,Products!B:B,Products!E:E) -> Phone | K13: 6 | L13: =P13*(1-M13) -> 17280 | M13: 0.04 | N13: Lan | O13: =IF(K13>=10,"Bulk","Normal") -> Normal | P13: =_xlfn.SINGLE(_xlfn.XLOOKUP(I13,Products!B:B,Products!C:C,"Not Found")) -> 18000 | Q13: =_xlfn.XLOOKUP(I:I,Products!B:B,Products!D:D) -> 15000 | R13: =K13*L13 -> 103680 | S13: =R13-(K13*Q13) -> 13680 | T13: =S13/R13 -> 0.13194444
A14: 13 | B14: 45853 | C14: =YEAR(B14) -> 2025 | D14: =MONTH(B14) -> 7 | E14: 112 | F14: =_xlfn.XLOOKUP(E:E,Customers!A:A,Customers!B:B) -> Trang Nguyen Store | G14: =_xlfn.XLOOKUP(E:E,Customers!A:A,Customers!C:C) -> Retail | H14: =_xlfn.XLOOKUP(E:E,Customers!A:A,Customers!D:D) -> Long An | I14: Dell XPS 13 | J14: =_xlfn.XLOOKUP(I:I,Products!B:B,Products!E:E) -> Laptop | K14: 20 | L14: =P14*(1-M14) -> 24640 | M14: 0.12 | N14: Binh | O14: =IF(K14>=10,"Bulk","Normal") -> Bulk | P14: =_xlfn.SINGLE(_xlfn.XLOOKUP(I14,Products!B:B,Products!C:C,"Not Found")) -> 28000 | Q14: =_xlfn.XLOOKUP(I:I,Products!B:B,Products!D:D) -> 24000 | R14: =K14*L14 -> 492800 | S14: =R14-(K14*Q14) -> 12800 | T14: =S14/R14 -> 0.025974026
A15: 14 | B15: 45854 | C15: =YEAR(B15) -> 2025 | D15: =MONTH(B15) -> 7 | E15: 103 | F15: =_xlfn.XLOOKUP(E:E,Customers!A:A,Customers!B:B) -> Pham Group | G15: =_xlfn.XLOOKUP(E:E,Customers!A:A,Customers!C:C) -> Enterprise | H15: =_xlfn.XLOOKUP(E:E,Customers!A:A,Customers!D:D) -> Hanoi | I15: iPad Air | J15: =_xlfn.XLOOKUP(I:I,Products!B:B,Products!E:E) -> Tablet | K15: 7 | L15: =P15*(1-M15) -> 16000 | M15: 0 | N15: An | O15: =IF(K15>=10,"Bulk","Normal") -> Normal | P15: =_xlfn.SINGLE(_xlfn.XLOOKUP(I15,Products!B:B,Products!C:C,"Not Found")) -> 16000 | Q15: =_xlfn.XLOOKUP(I:I,Products!B:B,Products!D:D) -> 13000 | R15: =K15*L15 -> 112000 | S15: =R15-(K15*Q15) -> 21000 | T15: =S15/R15 -> 0.1875
A16: 15 | B16: 45855 | C16: =YEAR(B16) -> 2025 | D16: =MONTH(B16) -> 7 | E16: 109 | F16: =_xlfn.XLOOKUP(E:E,Customers!A:A,Customers!B:B) -> Tu Anh Logistics | G16: =_xlfn.XLOOKUP(E:E,Customers!A:A,Customers!C:C) -> Enterprise | H16: =_xlfn.XLOOKUP(E:E,Customers!A:A,Customers!D:D) -> Da Nang | I16: Laptop Pro 14 | J16: =_xlfn.XLOOKUP(I:I,Products!B:B,Products!E:E) -> Laptop | K16: 1 | L16: =P16*(1-M16) -> 30400 | M16: 0.05 | N16: Duy | O16: =IF(K16>=10,"Bulk","Normal") -> Normal | P16: =_xlfn.SINGLE(_xlfn.XLOOKUP(I16,Products!B:B,Products!C:C,"Not Found")) -> 32000 | Q16: =_xlfn.XLOOKUP(I:I,Products!B:B,Products!D:D) -> 25000 | R16: =K16*L16 -> 30400 | S16: =R16-(K16*Q16) -> 5400 | T16: =S16/R16 -> 0.17763158
... A31: 30 | B31: 46030 | C31: =YEAR(B31) -> 2026 | D31: =MONTH(B31) -> 1 | E31: 112 | F31: =_xlfn.XLOOKUP(E:E,Customers!A:A,Customers!B:B) -> Trang Nguyen Store | G31: =_xlfn.XLOOKUP(E:E,Customers!A:A,Customers!C:C) -> Retail | H31: =_xlfn.XLOOKUP(E:E,Customers!A:A,Customers!D:D) -> Long An | I31: MacBook Air M1 | J31: =_xlfn.XLOOKUP(I:I,Products!B:B,Products!E:E) -> Laptop | K31: 6 | L31: =P31*(1-M31) -> 22500 | M31: 0.1 | N31: Ngoc | O31: =IF(K31>=10,"Bulk","Normal") -> Normal | P31: =_xlfn.SINGLE(_xlfn.XLOOKUP(I31,Products!B:B,Products!C:C,"Not Found")) -> 25000 | Q31: =_xlfn.XLOOKUP(I:I,Products!B:B,Products!D:D) -> 21000 | R31: =K31*L31 -> 135000 | S31: =R31-(K31*Q31) -> 9000 | T31: =S31/R31 -> 0.066666667

Sheet Pivot
A2: Doanh thu theo tháng qua các năm
A3: Moth | B3: Revenue | D3: Loi nhuan theo danh muc san pham
A4: Jul | B4: 797800 | D4: Category | E4: Profit | G4: Segment | H4: Revenue
A5: Jan | B5: 610425 | D5: Laptop | E5: 167260 | G5: SME | H5: 1502497
A6: May | B6: 564930 | D6: Tablet | E6: 49200 | G6: Retail | H6: 1406579.6
A7: Mar | B7: 410720 | D7: Electronics | E7: 26040 | G7: Enterprise | H7: 427080
A8: Sep | B8: 305550 | D8: Phone | E8: 18960 | G8: Grand Total | H8: 3336156.6
A9: Apr | B9: 249749.6 | D9: Furniture | E9: 1896.6
A10: Feb | B10: 206280 | D10: Grand Total | E10: 263356.6
A11: Dec | B11: 119040
A12: Aug | B12: 30600 | G12: Year | H12: 2025
A13: Jun | B13: 15312 | G13: Top 5 Salers ban tot nhat trong nam 2025
A14: Oct | B14: 14550 | D14: Top 5 san pham co doanh thu cao nhat | G14: Row Labels | H14: Revenue
A15: Nov | B15: 11200 | D15: Products | E15: RevenueADiscount | G15: Nguyen | H15: 665978
A16: Grand Total | B16: 3336156.6 | D16: Dell XPS 13 | E16: 1087520 | G16: Binh | H16: 537800
D17: MacBook Pro M2 | E17: 778050 | G17: Lan | H17: 409230
D18: MacBook Air M1 | E18: 344250 | G18: An | H18: 112000
D19: iPad Air | E19: 240160 | G19: Tram | H19: 57420
D20: iPhone 13 | E20: 183960 | G20: Thinh | H20: 45912
D21: Grand Total | E21: 2633940 | G21: Duy | H21: 31900
G22: Ngoc | H22: 11200
G23: Chi | H23: 10941.6
G24: Grand Total | H24: 1882381.6

Sheet Dashboard
A1: KPI
A2: Total Revenue | B2: =SUM(Analysis!R:R) -> 3336156.6
A3: Total Profit | B3: =SUM(Analysis!S:S) -> 263356.6
A4: Total Orders | B4: =SUM(Analysis!A:A) -> 465
M23: Doanh thu Laptop tăng mạnh vào tháng 6 do học sinh sinh viên có như cầu học tập, nhập học
M25: Dell XPS 13 là sản phẩm có doanh thu cao nhất với tổng doanh thu lên đến gần 1 tỷ đồng
M27: Category có lợi nhuận cao nhất ở thành phố Hồ Chí Minh là điện thoại -> tập trung
M29: Segment SME (doanh nghiệp vừa và nhỏ) đóng góp phần lớn doanh thu
M31: Một số sản phẩm có doanh thu cao nhưng lợi nhuận thấp -> xem lại giá bán và giá nhập
